accuracy,precision,recall

0.9016393442622951,1.0,0.14285714285714285

