accuracy,precision,recall

0.8688524590163934,0.14285714285714285,0.1111111111111111

