accuracy,precision,recall

0.8688524590163934,1.0,0.1111111111111111

